<linker>
  <assembly fullname="Cinemachine, Version=0.0.0.0, Culture=neutral, PublicKeyToken=null">
    <type fullname="Cinemachine.CinemachineBasicMultiChannelPerlin" preserve="all" />
    <type fullname="Cinemachine.CinemachineComposer" preserve="all" />
    <type fullname="Cinemachine.CinemachineConfiner2D" preserve="all" />
    <type fullname="Cinemachine.CinemachineFramingTransposer" preserve="all" />
    <type fullname="Cinemachine.CinemachinePath" preserve="all" />
    <type fullname="Cinemachine.CinemachinePipeline" preserve="all" />
    <type fullname="Cinemachine.CinemachinePixelPerfect" preserve="all" />
    <type fullname="Cinemachine.CinemachineTrackedDolly" preserve="all" />
    <type fullname="Cinemachine.CinemachineTransposer" preserve="all" />
    <type fullname="Cinemachine.CinemachineVirtualCamera" preserve="all" />
    <type fullname="Cinemachine.NoiseSettings" preserve="all" />
    <type fullname="CinemachineShot" preserve="all" />
    <type fullname="CinemachineTrack" preserve="all" />
    <type fullname="Cinemachine.CinemachineBrain/VcamActivatedEvent" preserve="nothing" serialized="true" />
    <type fullname="Cinemachine.CinemachinePath/Waypoint" preserve="nothing" serialized="true" />
    <type fullname="Cinemachine.CinemachinePathBase/Appearance" preserve="nothing" serialized="true" />
    <type fullname="Cinemachine.CinemachineTrackedDolly/AutoDolly" preserve="nothing" serialized="true" />
    <type fullname="Cinemachine.CinemachineVirtualCameraBase/TransitionParams" preserve="nothing" serialized="true" />
    <type fullname="Cinemachine.LensSettings" preserve="nothing" serialized="true" />
    <type fullname="Cinemachine.NoiseSettings/NoiseParams" preserve="nothing" serialized="true" />
    <type fullname="Cinemachine.NoiseSettings/TransformNoiseParams" preserve="nothing" serialized="true" />
  </assembly>
  <assembly fullname="Elderand.Achievements, Version=0.0.0.0, Culture=neutral, PublicKeyToken=null">
    <type fullname="Elderand.Achievements.AchievementData" preserve="all" />
    <type fullname="Elderand.Achievements.IntAchievementData" preserve="all" />
  </assembly>
  <assembly fullname="Elderand.AI, Version=0.0.0.0, Culture=neutral, PublicKeyToken=null">
    <type fullname="Elderand.AI.Aberration" preserve="all" />
    <type fullname="Elderand.AI.AmonGizmos" preserve="all" />
    <type fullname="Elderand.AI.ArenaPuppet" preserve="all" />
    <type fullname="Elderand.AI.BishopGizmos" preserve="all" />
    <type fullname="Elderand.AI.BlackVirtueGizmos" preserve="all" />
    <type fullname="Elderand.AI.BodyPart" preserve="all" />
    <type fullname="Elderand.AI.DanuStageAGizmos" preserve="all" />
    <type fullname="Elderand.AI.DanuStageBGizmos" preserve="all" />
    <type fullname="Elderand.AI.DeepOneGizmos" preserve="all" />
    <type fullname="Elderand.AI.EloriaGizmos" preserve="all" />
    <type fullname="Elderand.AI.Enemies.BigEye" preserve="all" />
    <type fullname="Elderand.AI.Enemies.SnakeBodyMover" preserve="all" />
    <type fullname="Elderand.AI.Enemy" preserve="all" />
    <type fullname="Elderand.AI.Entities.Hittable" preserve="all" />
    <type fullname="Elderand.AI.FakeFace" preserve="all" />
    <type fullname="Elderand.AI.Gargoyle" preserve="all" />
    <type fullname="Elderand.AI.GhostGizmos" preserve="all" />
    <type fullname="Elderand.AI.GiantRatGizmos" preserve="all" />
    <type fullname="Elderand.AI.GolemGizmos" preserve="all" />
    <type fullname="Elderand.AI.HatchetManGizmos" preserve="all" />
    <type fullname="Elderand.AI.LordFrostGhostGizmos" preserve="all" />
    <type fullname="Elderand.AI.ManaDrain" preserve="all" />
    <type fullname="Elderand.AI.MeteorMageGizmos" preserve="all" />
    <type fullname="Elderand.AI.NinjaGizmos" preserve="all" />
    <type fullname="Elderand.AI.ShaknaGizmos" preserve="all" />
    <type fullname="Elderand.AI.SmallInsectGizmos" preserve="all" />
    <type fullname="Elderand.AI.SpiderGizmos" preserve="all" />
    <type fullname="Elderand.AI.SserthrisGizmos" preserve="all" />
    <type fullname="Elderand.AI.TribalGiantGizmos" preserve="all" />
    <type fullname="Elderand.AI.TripleGargoyleHUD" preserve="all" />
    <type fullname="Elderand.AI.ViewCollider" preserve="all" />
  </assembly>
  <assembly fullname="Elderand.Audio, Version=0.0.0.0, Culture=neutral, PublicKeyToken=null">
    <type fullname="Elderand.Audio.AudioEmitter" preserve="all" />
    <type fullname="Elderand.Audio.SoundData" preserve="all" />
    <type fullname="Elderand.Audio.SoundReference" preserve="nothing" serialized="true" />
  </assembly>
  <assembly fullname="Elderand.Battle, Version=0.0.0.0, Culture=neutral, PublicKeyToken=null">
    <type fullname="Elderand.BattleSystem.HitBox" preserve="all" />
    <type fullname="Elderand.BattleSystem.DamageData" preserve="nothing" serialized="true" />
  </assembly>
  <assembly fullname="Elderand.Data, Version=0.0.0.0, Culture=neutral, PublicKeyToken=null">
    <type fullname="Elderand.Data.AccessoryItemData" preserve="all" />
    <type fullname="Elderand.Data.ArmorItemData" preserve="all" />
    <type fullname="Elderand.Data.ArrowItemData" preserve="all" />
    <type fullname="Elderand.Data.ChestData" preserve="all" />
    <type fullname="Elderand.Data.CraftIngredientsData" preserve="all" />
    <type fullname="Elderand.Data.CraftItemData" preserve="all" />
    <type fullname="Elderand.Data.NoteItemData" preserve="all" />
    <type fullname="Elderand.Data.OrbItemData" preserve="all" />
    <type fullname="Elderand.Data.PotionItemData" preserve="all" />
    <type fullname="Elderand.Data.RelicItemData" preserve="all" />
    <type fullname="Elderand.Data.ShieldItemData" preserve="all" />
    <type fullname="Elderand.Data.SubWeaponItemData" preserve="all" />
    <type fullname="Elderand.Data.WeaponItemData" preserve="all" />
    <type fullname="Elderand.Data.DropValueData" preserve="nothing" serialized="true" />
    <type fullname="Elderand.Data.ItemDropValue" preserve="nothing" serialized="true" />
    <type fullname="Elderand.Data.CraftIngredient" preserve="nothing" serialized="true" />
    <type fullname="Elderand.Data.Magic" preserve="nothing" serialized="true" />
    <type fullname="Elderand.Data.MagicShield" preserve="nothing" serialized="true" />
    <type fullname="Elderand.Data.MeteorStorm" preserve="nothing" serialized="true" />
    <type fullname="Elderand.Data.MultipleAttacks" preserve="nothing" serialized="true" />
    <type fullname="Elderand.Data.MultiplesArrows" preserve="nothing" serialized="true" />
    <type fullname="Elderand.Data.PlayerDamageData" preserve="nothing" serialized="true" />
    <type fullname="Elderand.Data.RefinementRecipe" preserve="nothing" serialized="true" />
    <type fullname="Elderand.Data.SpinAttack" preserve="nothing" serialized="true" />
    <type fullname="Elderand.Data.ThrustSpecial" preserve="nothing" serialized="true" />
    <type fullname="Elderand.Data.UltimateBeam" preserve="nothing" serialized="true" />
  </assembly>
  <assembly fullname="Elderand.Effects, Version=0.0.0.0, Culture=neutral, PublicKeyToken=null">
    <type fullname="Elderand.Effects.AnimationVFX" preserve="all" />
    <type fullname="Elderand.Effects.AnimatorRandomizer" preserve="all" />
    <type fullname="Elderand.Effects.ColorLerp" preserve="all" />
    <type fullname="Elderand.Effects.CultistRandomizer" preserve="all" />
    <type fullname="Elderand.Effects.HideEffect" preserve="all" />
    <type fullname="Elderand.Effects.HorizontalDotLine" preserve="all" />
    <type fullname="Elderand.Effects.Lifetime" preserve="all" />
    <type fullname="Elderand.Effects.LifetimeEvent" preserve="all" />
    <type fullname="Elderand.Effects.MultipleParticlesVFX" preserve="all" />
    <type fullname="Elderand.Effects.ParticleVFX" preserve="all" />
    <type fullname="Elderand.Effects.QuaternionIdentity" preserve="all" />
    <type fullname="Elderand.Effects.RotateAroundPivot" preserve="all" />
    <type fullname="Elderand.Effects.RotateTorwardsVelocityDirection" preserve="all" />
    <type fullname="Elderand.Effects.Simulation.Cape" preserve="all" />
    <type fullname="Elderand.Effects.Simulation.ClothFlag" preserve="all" />
    <type fullname="Elderand.Effects.SpriteRandomizer" preserve="all" />
    <type fullname="Elderand.Effects.TrailGenerator" preserve="all" />
    <type fullname="Elderand.Effects.WaveSpawner" preserve="all" />
    <type fullname="Elderand.Effects.Simulation.MeshGenerator" preserve="nothing" serialized="true" />
    <type fullname="Elderand.Effects.Simulation.VerletSolver" preserve="nothing" serialized="true" />
    <type fullname="Elderand.Effects.CultistOverride" preserve="nothing" serialized="true" />
    <type fullname="Elderand.Effects.TrailData" preserve="nothing" serialized="true" />
  </assembly>
  <assembly fullname="Elderand.Gameplay, Version=0.0.0.0, Culture=neutral, PublicKeyToken=null">
    <type fullname="Elderand.Gameplay.CameraResolution" preserve="all" />
    <type fullname="Elderand.Gameplay.CameraVolume" preserve="all" />
    <type fullname="Elderand.Gameplay.DirectorCinemachineBinder" preserve="all" />
    <type fullname="Elderand.Gameplay.ParallaxUnit" preserve="all" />
    <type fullname="Elderand.Gameplay.RoomChanger" preserve="all" />
    <type fullname="Elderand.Gameplay.RoomController" preserve="all" />
    <type fullname="Elderand.Gameplay.SoundTrigger" preserve="all" />
  </assembly>
  <assembly fullname="Elderand.Inputs, Version=0.0.0.0, Culture=neutral, PublicKeyToken=null">
    <type fullname="Elderand.Inputs.Data.InputSpriteDynamicData" preserve="all" />
    <type fullname="Elderand.Inputs.Data.InputSpriteStaticData" preserve="all" />
    <type fullname="Elderand.Inputs.InputSpriteAdapter" preserve="all" />
  </assembly>
  <assembly fullname="Elderand.Level, Version=0.0.0.0, Culture=neutral, PublicKeyToken=null">
    <type fullname="Elderand.Level.DoorMap" preserve="all" />
    <type fullname="Elderand.Level.MapDrawer" preserve="all" />
    <type fullname="Elderand.Level.MapReference" preserve="all" />
  </assembly>
  <assembly fullname="Elderand.NodeCanvas.Bind, Version=0.0.0.0, Culture=neutral, PublicKeyToken=null">
    <type fullname="Elderand.NodeCanvas.Bind.BooleanReference" preserve="all" />
    <type fullname="Elderand.NodeCanvas.Bind.IntReference" preserve="all" />
    <type fullname="Elderand.NodeCanvas.Bind.RelicReference" preserve="all" />
    <type fullname="Elderand.NodeCanvas.Bind.StringReference" preserve="all" />
  </assembly>
  <assembly fullname="Elderand.NodeCanvas.Events, Version=0.0.0.0, Culture=neutral, PublicKeyToken=null">
    <type fullname="Elderand.NodeCanvas.Utils.GraphReferences" preserve="all" />
    <type fullname="Elderand.NodeCanvas.Utils.GraphReferences/GraphReference" preserve="nothing" serialized="true" />
  </assembly>
  <assembly fullname="Elderand.Paths, Version=0.0.0.0, Culture=neutral, PublicKeyToken=null">
    <type fullname="Elderand.Paths.BezierReference" preserve="all" />
    <type fullname="Elderand.Paths.PathPack" preserve="all" />
    <type fullname="Elderand.Paths.PathReference" preserve="all" />
    <type fullname="Elderand.Paths.BezierCurve" preserve="nothing" serialized="true" />
  </assembly>
  <assembly fullname="Elderand.Persistence, Version=0.0.0.0, Culture=neutral, PublicKeyToken=null">
    <type fullname="Elderand.Persistence.OrientationState" preserve="all" />
    <type fullname="Elderand.Persistence.QuestSystem.QuestCounter" preserve="all" />
  </assembly>
  <assembly fullname="Elderand.Player, Version=0.0.0.0, Culture=neutral, PublicKeyToken=null">
    <type fullname="Elderand.Player.Axe" preserve="all" />
    <type fullname="Elderand.Player.MagicShieldComponent" preserve="all" />
    <type fullname="Elderand.Player.PlayerCombatHitbox" preserve="all" />
    <type fullname="Elderand.Player.PlayerPuppet" preserve="all" />
    <type fullname="Elderand.Player.SkyCutterHitBox" preserve="all" />
    <type fullname="Elderand.Player.SpinWhipDust" preserve="all" />
    <type fullname="Elderand.Player.StayHitBox" preserve="all" />
    <type fullname="Elderand.Player.UltimateBeamComponent" preserve="all" />
    <type fullname="ShieldAutomation" preserve="all" />
    <type fullname="Elderand.Player.PlayerAnimator" preserve="nothing" serialized="true" />
  </assembly>
  <assembly fullname="Elderand.Projectiles, Version=0.0.0.0, Culture=neutral, PublicKeyToken=null">
    <type fullname="Elderand.Projectiles.ArrowProjectile" preserve="all" />
    <type fullname="Elderand.Projectiles.DirectedProjectile" preserve="all" />
    <type fullname="Elderand.Projectiles.FollowingProjectile" preserve="all" />
    <type fullname="Elderand.Projectiles.FollowWithRotationProjectile" preserve="all" />
    <type fullname="Elderand.Projectiles.ImpactProjectile" preserve="all" />
    <type fullname="Elderand.Projectiles.LifetimeProjectile" preserve="all" />
    <type fullname="Elderand.Projectiles.Projectile" preserve="all" />
    <type fullname="Elderand.Projectiles.SpellProjectile" preserve="all" />
    <type fullname="Elderand.Projectiles.SSerthrisProjectile" preserve="all" />
  </assembly>
  <assembly fullname="Elderand.Rituals, Version=0.0.0.0, Culture=neutral, PublicKeyToken=null">
    <type fullname="Elderand.SceneObjects.WheelRitual.Wheel" preserve="all" />
  </assembly>
  <assembly fullname="Elderand.SceneObjects, Version=0.0.0.0, Culture=neutral, PublicKeyToken=null">
    <type fullname="Elderand.Player.DirectionalInteractable" preserve="all" />
    <type fullname="Elderand.SceneObjects.Chest" preserve="all" />
    <type fullname="Elderand.SceneObjects.CocoonShake" preserve="all" />
    <type fullname="Elderand.SceneObjects.Coin" preserve="all" />
    <type fullname="Elderand.SceneObjects.DoorSounds" preserve="all" />
    <type fullname="Elderand.SceneObjects.DropItem" preserve="all" />
    <type fullname="Elderand.SceneObjects.FixablePlatform" preserve="all" />
    <type fullname="Elderand.SceneObjects.Interactable" preserve="all" />
    <type fullname="Elderand.SceneObjects.Interaction.MoveReceiver" preserve="all" />
    <type fullname="Elderand.SceneObjects.Interaction.TriggerActivator" preserve="all" />
    <type fullname="Elderand.SceneObjects.Lever" preserve="all" />
    <type fullname="Elderand.SceneObjects.MovingBox" preserve="all" />
    <type fullname="Elderand.SceneObjects.Obstacles.BallObstacle" preserve="all" />
    <type fullname="Elderand.SceneObjects.Obstacles.Lava" preserve="all" />
    <type fullname="Elderand.SceneObjects.Obstacles.PendulumObstacle" preserve="all" />
    <type fullname="Elderand.SceneObjects.Obstacles.Spike" preserve="all" />
    <type fullname="Elderand.SceneObjects.Obstacles.Trap" preserve="all" />
    <type fullname="Elderand.SceneObjects.Platform" preserve="all" />
    <type fullname="Elderand.SceneObjects.Pot" preserve="all" />
    <type fullname="Elderand.SceneObjects.PrefabEmmiter" preserve="all" />
    <type fullname="Elderand.SceneObjects.RopeRing" preserve="all" />
    <type fullname="Elderand.SceneObjects.RotateReceiver" preserve="all" />
    <type fullname="Elderand.SceneObjects.SavePoint" preserve="all" />
    <type fullname="Elderand.SceneObjects.Water" preserve="all" />
  </assembly>
  <assembly fullname="Elderand.Shake, Version=0.0.0.0, Culture=neutral, PublicKeyToken=null">
    <type fullname="Elderand.Shake.ShakeData" preserve="all" />
    <type fullname="Elderand.Shake.ShakeListener" preserve="all" />
    <type fullname="Elderand.Shake.ShakeTrigger" preserve="all" />
    <type fullname="Elderand.Shake.ShakeParameters" preserve="nothing" serialized="true" />
  </assembly>
  <assembly fullname="Elderand.Shared, Version=0.0.0.0, Culture=neutral, PublicKeyToken=null">
    <type fullname="Elderand.Shared.AnimationEventTrigger" preserve="all" />
    <type fullname="Elderand.Shared.GameEvent" preserve="all" />
    <type fullname="Elderand.Shared.AnimationEventTrigger/EventReference" preserve="nothing" serialized="true" />
  </assembly>
  <assembly fullname="Elderand.SkillEffects, Version=0.0.0.0, Culture=neutral, PublicKeyToken=null">
    <type fullname="Elderand.SkillEffects.Components.ChainLightingArrow" preserve="all" />
    <type fullname="Elderand.SkillEffects.Components.ExplosiveOrb" preserve="all" />
    <type fullname="Elderand.SkillEffects.Components.Saw" preserve="all" />
    <type fullname="Elderand.SkillEffects.Components.StealOrb" preserve="all" />
    <type fullname="Elderand.SkillEffects.AttributeBooster" preserve="nothing" serialized="true" />
    <type fullname="Elderand.SkillEffects.BodySpike" preserve="nothing" serialized="true" />
    <type fullname="Elderand.SkillEffects.ChainLighting" preserve="nothing" serialized="true" />
    <type fullname="Elderand.SkillEffects.GoldDropChanceMultiplier" preserve="nothing" serialized="true" />
    <type fullname="Elderand.SkillEffects.HeathPointsPercentage" preserve="nothing" serialized="true" />
    <type fullname="Elderand.SkillEffects.Immunity" preserve="nothing" serialized="true" />
    <type fullname="Elderand.SkillEffects.ImpactSpikes" preserve="nothing" serialized="true" />
    <type fullname="Elderand.SkillEffects.Invincibility" preserve="nothing" serialized="true" />
    <type fullname="Elderand.SkillEffects.ItemDropChanceMultiplier" preserve="nothing" serialized="true" />
    <type fullname="Elderand.SkillEffects.MagicSaw" preserve="nothing" serialized="true" />
    <type fullname="Elderand.SkillEffects.MagicTrail" preserve="nothing" serialized="true" />
    <type fullname="Elderand.SkillEffects.MoreKnifes" preserve="nothing" serialized="true" />
    <type fullname="Elderand.SkillEffects.RegenPoints" preserve="nothing" serialized="true" />
    <type fullname="Elderand.SkillEffects.RestorePoints" preserve="nothing" serialized="true" />
    <type fullname="Elderand.SkillEffects.SeeCorruption" preserve="nothing" serialized="true" />
    <type fullname="Elderand.SkillEffects.ShowEnemiesLife" preserve="nothing" serialized="true" />
    <type fullname="Elderand.SkillEffects.SkyCutter" preserve="nothing" serialized="true" />
    <type fullname="Elderand.SkillEffects.Steal" preserve="nothing" serialized="true" />
    <type fullname="Elderand.SkillEffects.TickDamage" preserve="nothing" serialized="true" />
  </assembly>
  <assembly fullname="Elderand.Timeline.Dialogue, Version=0.0.0.0, Culture=neutral, PublicKeyToken=null">
    <type fullname="Elderand.Timeline.Dialogue.DialogueClip" preserve="all" />
    <type fullname="Elderand.Timeline.Dialogue.DialogueTrack" preserve="all" />
    <type fullname="Elderand.Timeline.DialogueBehaviour" preserve="nothing" serialized="true" />
  </assembly>
  <assembly fullname="Elderand.Timeline.GameEventInvoker, Version=0.0.0.0, Culture=neutral, PublicKeyToken=null">
    <type fullname="Elderand.Timeline.GameEventInvoker.GameEventMarker" preserve="all" />
  </assembly>
  <assembly fullname="Elderand.Timeline.PathFollow, Version=0.0.0.0, Culture=neutral, PublicKeyToken=null">
    <type fullname="Elderand.Timeline.FollowPath.FollowPathClip" preserve="all" />
    <type fullname="Elderand.Timeline.FollowPath.FollowPathTrack" preserve="all" />
    <type fullname="Elderand.Timeline.FollowPath.FollowPathBehaviour" preserve="nothing" serialized="true" />
  </assembly>
  <assembly fullname="Elderand.Timeline.Player, Version=0.0.0.0, Culture=neutral, PublicKeyToken=null">
    <type fullname="Elderand.Timeline.Player.PlayerAlphaClip" preserve="all" />
    <type fullname="Elderand.Timeline.Player.PlayerControlTrack" preserve="all" />
    <type fullname="Elderand.Timeline.Player.PlayerMovementClip" preserve="all" />
    <type fullname="Elderand.Timeline.PlayerAlphaBehaviour" preserve="nothing" serialized="true" />
    <type fullname="Elderand.Timeline.PlayerMovementBehaviour" preserve="nothing" serialized="true" />
  </assembly>
  <assembly fullname="Elderand.Timeline.PlayerPuppet, Version=0.0.0.0, Culture=neutral, PublicKeyToken=null">
    <type fullname="Elderand.Timeline.PlayerPuppet.PlayerPuppetControlTrack" preserve="all" />
    <type fullname="Elderand.Timeline.PlayerPuppet.PlayerPuppetPlayAnimationClip" preserve="all" />
  </assembly>
  <assembly fullname="Elderand.Timeline.Shake, Version=0.0.0.0, Culture=neutral, PublicKeyToken=null">
    <type fullname="Elderand.Timeline.Shake.NoiseControlClip" preserve="all" />
    <type fullname="Elderand.Timeline.Shake.ShakeTrack" preserve="all" />
  </assembly>
  <assembly fullname="Elderand.UI, Version=0.0.0.0, Culture=neutral, PublicKeyToken=null">
    <type fullname="Elderand.UI.AutoScroll" preserve="all" />
    <type fullname="Elderand.UI.ManualScroll" preserve="all" />
    <type fullname="Elderand.UI.UISounds" preserve="all" />
  </assembly>
  <assembly fullname="Elderand.UI.Gameplay, Version=0.0.0.0, Culture=neutral, PublicKeyToken=null">
    <type fullname="Elderand.UI.Gameplay.AlchemyScreen" preserve="all" />
    <type fullname="Elderand.UI.Gameplay.BlacksmithScreen" preserve="all" />
    <type fullname="Elderand.UI.Gameplay.DamageAttributeInfo" preserve="all" />
    <type fullname="Elderand.UI.Gameplay.DialoguePopup" preserve="all" />
    <type fullname="Elderand.UI.Gameplay.FastTravelScreen" preserve="all" />
    <type fullname="Elderand.UI.Gameplay.GoldCounter" preserve="all" />
    <type fullname="Elderand.UI.Gameplay.ImmunityBar" preserve="all" />
    <type fullname="Elderand.UI.Gameplay.ItemInfoPanel" preserve="all" />
    <type fullname="Elderand.UI.Gameplay.ListEquipmentItem" preserve="all" />
    <type fullname="Elderand.UI.Gameplay.ListIngredientItem" preserve="all" />
    <type fullname="Elderand.UI.Gameplay.ListShopItem" preserve="all" />
    <type fullname="Elderand.UI.Gameplay.ShopScreen" preserve="all" />
    <type fullname="Elderand.UI.ListRecipeItem" preserve="all" />
    <type fullname="Elderand.UI.Gameplay.ImmunityBar/ImmunityIconData" preserve="nothing" serialized="true" />
    <type fullname="Elderand.UI.Gameplay.TabGroup" preserve="nothing" serialized="true" />
  </assembly>
  <assembly fullname="Elderand.UIElements, Version=0.0.0.0, Culture=neutral, PublicKeyToken=null">
    <type fullname="Elderand.UIElements.NavigatorInt" preserve="all" />
  </assembly>
  <assembly fullname="Febucci.TextAnimator.Runtime, Version=0.0.0.0, Culture=neutral, PublicKeyToken=null">
    <type fullname="Febucci.UI.TextAnimator" preserve="all" />
    <type fullname="Febucci.UI.TextAnimatorPlayer" preserve="all" />
    <type fullname="Febucci.UI.Core.AppearanceDefaultValues" preserve="nothing" serialized="true" />
    <type fullname="Febucci.UI.Core.AppearanceDefaultValues/Defaults" preserve="nothing" serialized="true" />
    <type fullname="Febucci.UI.Core.BehaviorDefaultValues" preserve="nothing" serialized="true" />
    <type fullname="Febucci.UI.Core.BehaviorDefaultValues/Defaults" preserve="nothing" serialized="true" />
    <type fullname="Febucci.UI.Core.CharacterEvent" preserve="nothing" serialized="true" />
    <type fullname="Febucci.UI.TextAnimator/AppearancesContainer" preserve="nothing" serialized="true" />
  </assembly>
  <assembly fullname="FMODUnity, Version=0.0.0.0, Culture=neutral, PublicKeyToken=null">
    <type fullname="FMODUnity.FMODEventPlayable" preserve="all" />
    <type fullname="FMODUnity.FMODEventTrack" preserve="all" />
    <type fullname="FMODUnity.StudioListener" preserve="all" />
    <type fullname="FMOD.GUID" preserve="nothing" serialized="true" />
    <type fullname="FMODUnity.EventReference" preserve="nothing" serialized="true" />
    <type fullname="FMODUnity.AutomatableSlots" preserve="nothing" serialized="true" />
    <type fullname="FMODUnity.FMODEventMixerBehaviour" preserve="nothing" serialized="true" />
    <type fullname="FMODUnity.FMODEventPlayableBehavior" preserve="nothing" serialized="true" />
  </assembly>
  <assembly fullname="ParadoxNotion, Version=0.0.0.0, Culture=neutral, PublicKeyToken=null">
    <type fullname="NodeCanvas.BehaviourTrees.BehaviourTree" preserve="all" />
    <type fullname="NodeCanvas.BehaviourTrees.BehaviourTreeOwner" preserve="all" />
    <type fullname="NodeCanvas.Framework.Blackboard" preserve="all" />
    <type fullname="NodeCanvas.StateMachines.FSM" preserve="all" />
    <type fullname="NodeCanvas.StateMachines.FSMOwner" preserve="all" />
    <type fullname="ParadoxNotion.Services.EventRouter" preserve="all" />
    <type fullname="NodeCanvas.Framework.Internal.GraphSource" preserve="nothing" serialized="true" />
    <type fullname="ParadoxNotion.Serialization.SerializationPair" preserve="nothing" serialized="true" />
  </assembly>
  <assembly fullname="Plugins.I2Localization, Version=0.0.0.0, Culture=neutral, PublicKeyToken=null">
    <type fullname="I2.Loc.Localize" preserve="all" />
    <type fullname="I2.Loc.EventCallback" preserve="nothing" serialized="true" />
    <type fullname="I2.Loc.LocalizedString" preserve="nothing" serialized="true" />
  </assembly>
  <assembly fullname="Unity.Addressables, Version=0.0.0.0, Culture=neutral, PublicKeyToken=null" preserve="all">
    <type fullname="UnityEngine.AddressableAssets.Addressables" preserve="all" />
  </assembly>
  <assembly fullname="Unity.InputSystem, Version=1.4.4.0, Culture=neutral, PublicKeyToken=null">
    <type fullname="UnityEngine.InputSystem.InputActionAsset" preserve="all" />
    <type fullname="UnityEngine.InputSystem.InputActionReference" preserve="all" />
    <type fullname="UnityEngine.InputSystem.InputAction" preserve="nothing" serialized="true" />
    <type fullname="UnityEngine.InputSystem.InputActionMap" preserve="nothing" serialized="true" />
    <type fullname="UnityEngine.InputSystem.InputBinding" preserve="nothing" serialized="true" />
    <type fullname="UnityEngine.InputSystem.InputControlScheme" preserve="nothing" serialized="true" />
    <type fullname="UnityEngine.InputSystem.InputControlScheme/DeviceRequirement" preserve="nothing" serialized="true" />
  </assembly>
  <assembly fullname="Unity.RenderPipelines.Core.Runtime, Version=0.0.0.0, Culture=neutral, PublicKeyToken=null">
    <type fullname="UnityEngine.Rendering.Volume" preserve="all" />
    <type fullname="UnityEngine.Rendering.VolumeProfile" preserve="all" />
    <type fullname="UnityEngine.Rendering.ClampedFloatParameter" preserve="nothing" serialized="true" />
    <type fullname="UnityEngine.Rendering.BoolParameter" preserve="nothing" serialized="true" />
    <type fullname="UnityEngine.Rendering.ClampedIntParameter" preserve="nothing" serialized="true" />
    <type fullname="UnityEngine.Rendering.ColorParameter" preserve="nothing" serialized="true" />
    <type fullname="UnityEngine.Rendering.FloatParameter" preserve="nothing" serialized="true" />
    <type fullname="UnityEngine.Rendering.MinFloatParameter" preserve="nothing" serialized="true" />
    <type fullname="UnityEngine.Rendering.TextureParameter" preserve="nothing" serialized="true" />
    <type fullname="UnityEngine.Rendering.Vector2Parameter" preserve="nothing" serialized="true" />
  </assembly>
  <assembly fullname="Unity.RenderPipelines.Universal.Runtime, Version=0.0.0.0, Culture=neutral, PublicKeyToken=null">
    <type fullname="UnityEngine.Rendering.Universal.Bloom" preserve="all" />
    <type fullname="UnityEngine.Rendering.Universal.ChromaticAberration" preserve="all" />
    <type fullname="UnityEngine.Rendering.Universal.ColorAdjustments" preserve="all" />
    <type fullname="UnityEngine.Rendering.Universal.LensDistortion" preserve="all" />
    <type fullname="UnityEngine.Rendering.Universal.Light2D" preserve="all" />
    <type fullname="UnityEngine.Rendering.Universal.MotionBlur" preserve="all" />
    <type fullname="UnityEngine.Rendering.Universal.LightUtility/LightMeshVertex" preserve="nothing" serialized="true" />
    <type fullname="UnityEngine.Rendering.Universal.MotionBlurModeParameter" preserve="nothing" serialized="true" />
    <type fullname="UnityEngine.Rendering.Universal.MotionBlurQualityParameter" preserve="nothing" serialized="true" />
  </assembly>
  <assembly fullname="Unity.ResourceManager, Version=0.0.0.0, Culture=neutral, PublicKeyToken=null" preserve="all">
    <type fullname="UnityEngine.ResourceManagement.ResourceProviders.AssetBundleProvider" preserve="all" />
    <type fullname="UnityEngine.ResourceManagement.ResourceProviders.AtlasSpriteProvider" preserve="all" />
    <type fullname="UnityEngine.ResourceManagement.ResourceProviders.BundledAssetProvider" preserve="all" />
    <type fullname="UnityEngine.ResourceManagement.ResourceProviders.InstanceProvider" preserve="all" />
    <type fullname="UnityEngine.ResourceManagement.ResourceProviders.LegacyResourcesProvider" preserve="all" />
    <type fullname="UnityEngine.ResourceManagement.ResourceProviders.SceneProvider" preserve="all" />
  </assembly>
  <assembly fullname="Unity.TextMeshPro, Version=0.0.0.0, Culture=neutral, PublicKeyToken=null">
    <type fullname="TMPro.TextMeshPro" preserve="all" />
    <type fullname="TMPro.TextMeshProUGUI" preserve="all" />
    <type fullname="TMPro.TMP_ColorGradient" preserve="all" />
    <type fullname="TMPro.TMP_FontAsset" preserve="all" />
    <type fullname="TMPro.VertexGradient" preserve="nothing" serialized="true" />
    <type fullname="TMPro.FaceInfo_Legacy" preserve="nothing" serialized="true" />
    <type fullname="TMPro.FontAssetCreationSettings" preserve="nothing" serialized="true" />
    <type fullname="TMPro.KerningTable" preserve="nothing" serialized="true" />
    <type fullname="TMPro.TMP_Character" preserve="nothing" serialized="true" />
    <type fullname="TMPro.TMP_FontFeatureTable" preserve="nothing" serialized="true" />
    <type fullname="TMPro.TMP_FontWeightPair" preserve="nothing" serialized="true" />
  </assembly>
  <assembly fullname="Unity.Timeline, Version=1.0.0.0, Culture=neutral, PublicKeyToken=null">
    <type fullname="UnityEngine.Timeline.ActivationPlayableAsset" preserve="all" />
    <type fullname="UnityEngine.Timeline.ActivationTrack" preserve="all" />
    <type fullname="UnityEngine.Timeline.AnimationPlayableAsset" preserve="all" />
    <type fullname="UnityEngine.Timeline.AnimationTrack" preserve="all" />
    <type fullname="UnityEngine.Timeline.AudioPlayableAsset" preserve="all" />
    <type fullname="UnityEngine.Timeline.AudioTrack" preserve="all" />
    <type fullname="UnityEngine.Timeline.ControlPlayableAsset" preserve="all" />
    <type fullname="UnityEngine.Timeline.ControlTrack" preserve="all" />
    <type fullname="UnityEngine.Timeline.GroupTrack" preserve="all" />
    <type fullname="UnityEngine.Timeline.MarkerTrack" preserve="all" />
    <type fullname="UnityEngine.Timeline.SignalAsset" preserve="all" />
    <type fullname="UnityEngine.Timeline.SignalEmitter" preserve="all" />
    <type fullname="UnityEngine.Timeline.SignalReceiver" preserve="all" />
    <type fullname="UnityEngine.Timeline.SignalTrack" preserve="all" />
    <type fullname="UnityEngine.Timeline.TimelineAsset" preserve="all" />
    <type fullname="UnityEngine.Timeline.MarkerList" preserve="nothing" serialized="true" />
    <type fullname="UnityEngine.Timeline.TimelineAsset/EditorSettings" preserve="nothing" serialized="true" />
    <type fullname="UnityEngine.Timeline.TimelineClip" preserve="nothing" serialized="true" />
    <type fullname="UnityEngine.Timeline.SignalReceiver/EventKeyValue" preserve="nothing" serialized="true" />
    <type fullname="UnityEngine.Timeline.AudioClipProperties" preserve="nothing" serialized="true" />
    <type fullname="UnityEngine.Timeline.AudioMixerProperties" preserve="nothing" serialized="true" />
  </assembly>
  <assembly fullname="UnityEngine.AnimationModule, Version=0.0.0.0, Culture=neutral, PublicKeyToken=null">
    <type fullname="UnityEngine.AnimationClip" preserve="all" />
    <type fullname="UnityEngine.Animator" preserve="all" />
    <type fullname="UnityEngine.AnimatorOverrideController" preserve="all" />
    <type fullname="UnityEngine.RuntimeAnimatorController" preserve="all" />
  </assembly>
  <assembly fullname="UnityEngine.CoreModule, Version=0.0.0.0, Culture=neutral, PublicKeyToken=null">
    <type fullname="UnityEngine.GameObject" preserve="all" />
    <type fullname="UnityEngine.LineRenderer" preserve="all" />
    <type fullname="UnityEngine.Material" preserve="all" />
    <type fullname="UnityEngine.MeshFilter" preserve="all" />
    <type fullname="UnityEngine.MeshRenderer" preserve="all" />
    <type fullname="UnityEngine.MonoBehaviour" preserve="all" />
    <type fullname="UnityEngine.Object" preserve="all" />
    <type fullname="UnityEngine.RectTransform" preserve="all" />
    <type fullname="UnityEngine.Rendering.SortingGroup" preserve="all" />
    <type fullname="UnityEngine.RenderTexture" preserve="all" />
    <type fullname="UnityEngine.Shader" preserve="all" />
    <type fullname="UnityEngine.Sprite" preserve="all" />
    <type fullname="UnityEngine.SpriteRenderer" preserve="all" />
    <type fullname="UnityEngine.Texture2D" preserve="all" />
    <type fullname="UnityEngine.Transform" preserve="all" />
    <type fullname="UnityEngine.U2D.SpriteAtlas" preserve="all" />
    <type fullname="UnityEngine.Events.PersistentCallGroup" preserve="nothing" serialized="true" />
    <type fullname="UnityEngine.Events.UnityEvent" preserve="nothing" serialized="true" />
    <type fullname="UnityEngine.ExposedReference`1[Cinemachine.CinemachineVirtualCameraBase]" preserve="nothing" serialized="true" />
    <type fullname="UnityEngine.RectOffset" preserve="nothing" serialized="true" />
    <type fullname="UnityEngine.Events.ArgumentCache" preserve="nothing" serialized="true" />
    <type fullname="UnityEngine.Events.PersistentListenerMode" preserve="nothing" serialized="true" />
    <type fullname="UnityEngine.Events.UnityEvent`1[System.String]" preserve="nothing" serialized="true" />
    <type fullname="UnityEngine.ExposedReference`1[Cinemachine.NoiseSettings]" preserve="nothing" serialized="true" />
    <type fullname="UnityEngine.ExposedReference`1[UnityEngine.GameObject]" preserve="nothing" serialized="true" />
    <type fullname="UnityEngine.Events.UnityEvent`1[System.Int32]" preserve="nothing" serialized="true" />
    <type fullname="UnityEngine.ExposedReference`1[Elderand.Paths.PathReference]" preserve="nothing" serialized="true" />
    <type fullname="UnityEngine.ExposedReference`1[UnityEngine.Transform]" preserve="nothing" serialized="true" />
  </assembly>
  <assembly fullname="UnityEngine.DirectorModule, Version=0.0.0.0, Culture=neutral, PublicKeyToken=null">
    <type fullname="UnityEngine.Playables.PlayableDirector" preserve="all" />
  </assembly>
  <assembly fullname="UnityEngine.GridModule, Version=0.0.0.0, Culture=neutral, PublicKeyToken=null">
    <type fullname="UnityEngine.Grid" preserve="all" />
  </assembly>
  <assembly fullname="UnityEngine.ParticleSystemModule, Version=0.0.0.0, Culture=neutral, PublicKeyToken=null">
    <type fullname="UnityEngine.ParticleSystem" preserve="all" />
    <type fullname="UnityEngine.ParticleSystemRenderer" preserve="all" />
  </assembly>
  <assembly fullname="UnityEngine.Physics2DModule, Version=0.0.0.0, Culture=neutral, PublicKeyToken=null">
    <type fullname="UnityEngine.BoxCollider2D" preserve="all" />
    <type fullname="UnityEngine.BuoyancyEffector2D" preserve="all" />
    <type fullname="UnityEngine.CapsuleCollider2D" preserve="all" />
    <type fullname="UnityEngine.CircleCollider2D" preserve="all" />
    <type fullname="UnityEngine.CompositeCollider2D" preserve="all" />
    <type fullname="UnityEngine.ConstantForce2D" preserve="all" />
    <type fullname="UnityEngine.FixedJoint2D" preserve="all" />
    <type fullname="UnityEngine.HingeJoint2D" preserve="all" />
    <type fullname="UnityEngine.PhysicsMaterial2D" preserve="all" />
    <type fullname="UnityEngine.PlatformEffector2D" preserve="all" />
    <type fullname="UnityEngine.PolygonCollider2D" preserve="all" />
    <type fullname="UnityEngine.Rigidbody2D" preserve="all" />
  </assembly>
  <assembly fullname="UnityEngine.TextRenderingModule, Version=0.0.0.0, Culture=neutral, PublicKeyToken=null">
    <type fullname="UnityEngine.Font" preserve="all" />
  </assembly>
  <assembly fullname="UnityEngine.TilemapModule, Version=0.0.0.0, Culture=neutral, PublicKeyToken=null">
    <type fullname="UnityEngine.Tilemaps.Tile" preserve="all" />
    <type fullname="UnityEngine.Tilemaps.Tilemap" preserve="all" />
    <type fullname="UnityEngine.Tilemaps.TilemapCollider2D" preserve="all" />
    <type fullname="UnityEngine.Tilemaps.TilemapRenderer" preserve="all" />
  </assembly>
  <assembly fullname="UnityEngine.UI, Version=1.0.0.0, Culture=neutral, PublicKeyToken=null">
    <type fullname="UnityEngine.EventSystems.EventTrigger" preserve="all" />
    <type fullname="UnityEngine.UI.AspectRatioFitter" preserve="all" />
    <type fullname="UnityEngine.UI.Button" preserve="all" />
    <type fullname="UnityEngine.UI.CanvasScaler" preserve="all" />
    <type fullname="UnityEngine.UI.ContentSizeFitter" preserve="all" />
    <type fullname="UnityEngine.UI.GraphicRaycaster" preserve="all" />
    <type fullname="UnityEngine.UI.GridLayoutGroup" preserve="all" />
    <type fullname="UnityEngine.UI.HorizontalLayoutGroup" preserve="all" />
    <type fullname="UnityEngine.UI.Image" preserve="all" />
    <type fullname="UnityEngine.UI.LayoutElement" preserve="all" />
    <type fullname="UnityEngine.UI.Mask" preserve="all" />
    <type fullname="UnityEngine.UI.RawImage" preserve="all" />
    <type fullname="UnityEngine.UI.Scrollbar" preserve="all" />
    <type fullname="UnityEngine.UI.ScrollRect" preserve="all" />
    <type fullname="UnityEngine.UI.Slider" preserve="all" />
    <type fullname="UnityEngine.UI.VerticalLayoutGroup" preserve="all" />
    <type fullname="UnityEngine.UI.AnimationTriggers" preserve="nothing" serialized="true" />
    <type fullname="UnityEngine.UI.ColorBlock" preserve="nothing" serialized="true" />
    <type fullname="UnityEngine.UI.MaskableGraphic/CullStateChangedEvent" preserve="nothing" serialized="true" />
    <type fullname="UnityEngine.UI.Navigation" preserve="nothing" serialized="true" />
    <type fullname="UnityEngine.UI.Slider/SliderEvent" preserve="nothing" serialized="true" />
    <type fullname="UnityEngine.UI.SpriteState" preserve="nothing" serialized="true" />
    <type fullname="UnityEngine.EventSystems.EventTrigger/Entry" preserve="nothing" serialized="true" />
    <type fullname="UnityEngine.EventSystems.EventTrigger/TriggerEvent" preserve="nothing" serialized="true" />
    <type fullname="UnityEngine.UI.Button/ButtonClickedEvent" preserve="nothing" serialized="true" />
    <type fullname="UnityEngine.UI.ScrollRect/ScrollRectEvent" preserve="nothing" serialized="true" />
    <type fullname="UnityEngine.UI.Scrollbar/ScrollEvent" preserve="nothing" serialized="true" />
  </assembly>
  <assembly fullname="UnityEngine.UIModule, Version=0.0.0.0, Culture=neutral, PublicKeyToken=null">
    <type fullname="UnityEngine.Canvas" preserve="all" />
    <type fullname="UnityEngine.CanvasGroup" preserve="all" />
    <type fullname="UnityEngine.CanvasRenderer" preserve="all" />
  </assembly>
  <assembly fullname="Sirenix.Serialization">
    <type fullname="Sirenix.Serialization.SerializationData" preserve="nothing" serialized="true" />
  </assembly>
  <assembly fullname="UnityEngine.TextCoreFontEngineModule">
    <type fullname="UnityEngine.TextCore.FaceInfo" preserve="nothing" serialized="true" />
    <type fullname="UnityEngine.TextCore.Glyph" preserve="nothing" serialized="true" />
    <type fullname="UnityEngine.TextCore.GlyphMetrics" preserve="nothing" serialized="true" />
    <type fullname="UnityEngine.TextCore.GlyphRect" preserve="nothing" serialized="true" />
  </assembly>
</linker>