{"root":[{"assemblyName":"Unity.Services.Core.Registration","nameSpace":"Unity.Services.Core.Registration","className":"CorePackageInitializer","methodName":"Register","loadTypes":1,"isUnityClass":true},{"assemblyName":"Unity.RenderPipelines.Core.Runtime","nameSpace":"UnityEngine.Rendering","className":"DebugUpdater","methodName":"RuntimeInit","loadTypes":0,"isUnityClass":true},{"assemblyName":"SteamWorks","nameSpace":"","className":"SteamManager","methodName":"InitOnPlayMode","loadTypes":4,"isUnityClass":false},{"assemblyName":"UniTask","nameSpace":"Cysharp.Threading.Tasks","className":"PlayerLoopHelper","methodName":"Init","loadTypes":1,"isUnityClass":false},{"assemblyName":"Unity.InputSystem","nameSpace":"UnityEngine.InputSystem","className":"InputSystem","methodName":"RunInitializeInPlayer","loadTypes":4,"isUnityClass":true},{"assemblyName":"Unity.InputSystem","nameSpace":"UnityEngine.InputSystem","className":"InputSystem","methodName":"RunInitialUpdate","loadTypes":1,"isUnityClass":true},{"assemblyName":"Unity.Services.Core.Internal","nameSpace":"Unity.Services.Core.Internal","className":"TaskAsyncOperation","methodName":"SetScheduler","loadTypes":1,"isUnityClass":true},{"assemblyName":"Unity.Services.Core.Internal","nameSpace":"Unity.Services.Core.Internal","className":"UnityServicesInitializer","methodName":"CreateStaticInstance","loadTypes":2,"isUnityClass":true},{"assemblyName":"Unity.Services.Core.Internal","nameSpace":"Unity.Services.Core.Internal","className":"UnityServicesInitializer","methodName":"EnableServicesInitializationAsync","loadTypes":0,"isUnityClass":true},{"assemblyName":"Cinemachine","nameSpace":"Cinemachine","className":"CinemachineStoryboard","methodName":"InitializeModule","loadTypes":0,"isUnityClass":false},{"assemblyName":"Cinemachine","nameSpace":"Cinemachine","className":"CinemachineCore","methodName":"InitializeModule","loadTypes":0,"isUnityClass":false},{"assemblyName":"Cinemachine","nameSpace":"Cinemachine","className":"UpdateTracker","methodName":"InitializeModule","loadTypes":0,"isUnityClass":false},{"assemblyName":"Cinemachine","nameSpace":"Cinemachine","className":"CinemachineImpulseManager","methodName":"InitializeModule","loadTypes":0,"isUnityClass":false},{"assemblyName":"Cinemachine","nameSpace":"Cinemachine.PostFX","className":"CinemachineVolumeSettings","methodName":"InitializeModule","loadTypes":0,"isUnityClass":false},{"assemblyName":"Unity.MemoryProfiler","nameSpace":"Unity.MemoryProfiler","className":"MetadataInjector","methodName":"PlayerInitMetadata","loadTypes":3,"isUnityClass":true},{"assemblyName":"Unity.RenderPipelines.Universal.Runtime","nameSpace":"UnityEngine.Rendering.Universal","className":"XRSystem","methodName":"XRSystemInit","loadTypes":3,"isUnityClass":true},{"assemblyName":"Plugins.I2Localization","nameSpace":"I2.Loc","className":"LocalizeTarget_TextMeshPro_Label","methodName":"AutoRegister","loadTypes":1,"isUnityClass":false},{"assemblyName":"Plugins.I2Localization","nameSpace":"I2.Loc","className":"LocalizeTarget_TextMeshPro_UGUI","methodName":"AutoRegister","loadTypes":1,"isUnityClass":false},{"assemblyName":"Plugins.I2Localization","nameSpace":"I2.Loc","className":"LocalizeTarget_UnityStandard_AudioSource","methodName":"AutoRegister","loadTypes":1,"isUnityClass":false},{"assemblyName":"Plugins.I2Localization","nameSpace":"I2.Loc","className":"LocalizeTarget_UnityStandard_Child","methodName":"AutoRegister","loadTypes":1,"isUnityClass":false},{"assemblyName":"Plugins.I2Localization","nameSpace":"I2.Loc","className":"LocalizeTarget_UnityStandard_MeshRenderer","methodName":"AutoRegister","loadTypes":1,"isUnityClass":false},{"assemblyName":"Plugins.I2Localization","nameSpace":"I2.Loc","className":"LocalizeTarget_UnityStandard_Prefab","methodName":"AutoRegister","loadTypes":1,"isUnityClass":false},{"assemblyName":"Plugins.I2Localization","nameSpace":"I2.Loc","className":"LocalizeTarget_UnityStandard_SpriteRenderer","methodName":"AutoRegister","loadTypes":1,"isUnityClass":false},{"assemblyName":"Plugins.I2Localization","nameSpace":"I2.Loc","className":"LocalizeTarget_UnityStandard_TextMesh","methodName":"AutoRegister","loadTypes":1,"isUnityClass":false},{"assemblyName":"Plugins.I2Localization","nameSpace":"I2.Loc","className":"LocalizeTarget_UnityStandard_VideoPlayer","methodName":"AutoRegister","loadTypes":1,"isUnityClass":false},{"assemblyName":"Plugins.I2Localization","nameSpace":"I2.Loc","className":"LocalizeTarget_UnityUI_Image","methodName":"AutoRegister","loadTypes":1,"isUnityClass":false},{"assemblyName":"Plugins.I2Localization","nameSpace":"I2.Loc","className":"LocalizeTarget_UnityUI_RawImage","methodName":"AutoRegister","loadTypes":1,"isUnityClass":false},{"assemblyName":"Plugins.I2Localization","nameSpace":"I2.Loc","className":"LocalizeTarget_UnityUI_Text","methodName":"AutoRegister","loadTypes":1,"isUnityClass":false},{"assemblyName":"Unity.Services.Analytics","nameSpace":"","className":"Ua2CoreInitializeCallback","methodName":"Register","loadTypes":1,"isUnityClass":true},{"assemblyName":"Unity.Services.Analytics","nameSpace":"Unity.Services.Analytics","className":"ContainerObject","methodName":"Initialize","loadTypes":0,"isUnityClass":true},{"assemblyName":"Unity.Services.Core","nameSpace":"Unity.Services.Core","className":"UnityThreadUtils","methodName":"CaptureUnityThreadInfo","loadTypes":4,"isUnityClass":true},{"assemblyName":"ParadoxNotion","nameSpace":"ParadoxNotion.Services","className":"MonoManager","methodName":"Purge","loadTypes":4,"isUnityClass":false},{"assemblyName":"ParadoxNotion","nameSpace":"ParadoxNotion.Serialization","className":"JSONSerializer","methodName":"__FlushDataCache","loadTypes":4,"isUnityClass":false},{"assemblyName":"Elderand.Analytics","nameSpace":"Elderand.Analytics","className":"AnalyticsManager","methodName":"Startup","loadTypes":4,"isUnityClass":false},{"assemblyName":"Sirenix.Utilities","nameSpace":"Sirenix.Utilities","className":"UnityVersion","methodName":"EnsureLoaded","loadTypes":1,"isUnityClass":false},{"assemblyName":"Sirenix.Utilities","nameSpace":"Sirenix.Utilities","className":"UnityVersion","methodName":"EnsureLoaded","loadTypes":1,"isUnityClass":false},{"assemblyName":"Sirenix.Serialization","nameSpace":"Sirenix.Serialization","className":"UnitySerializationInitializer","methodName":"InitializeRuntime","loadTypes":1,"isUnityClass":false},{"assemblyName":"Sirenix.Serialization","nameSpace":"Sirenix.Serialization.Utilities","className":"UnityVersion","methodName":"EnsureLoaded","loadTypes":1,"isUnityClass":false},{"assemblyName":"Sirenix.Utilities","nameSpace":"Sirenix.Utilities","className":"UnityVersion","methodName":"EnsureLoaded","loadTypes":1,"isUnityClass":false},{"assemblyName":"Sirenix.Serialization","nameSpace":"Sirenix.Serialization","className":"UnitySerializationInitializer","methodName":"InitializeRuntime","loadTypes":1,"isUnityClass":false},{"assemblyName":"Sirenix.Serialization","nameSpace":"Sirenix.Serialization.Utilities","className":"UnityVersion","methodName":"EnsureLoaded","loadTypes":1,"isUnityClass":false},{"assemblyName":"Sirenix.Serialization","nameSpace":"Sirenix.Serialization","className":"UnitySerializationInitializer","methodName":"InitializeRuntime","loadTypes":1,"isUnityClass":false},{"assemblyName":"Sirenix.Serialization","nameSpace":"Sirenix.Serialization.Utilities","className":"UnityVersion","methodName":"EnsureLoaded","loadTypes":1,"isUnityClass":false}]}
